0,1,2,X,Label
T,G,D,L,2
K,E,Q,N,2
F,R,S,Q,2
K,G,V,L,2
V,G,T,L,2
S,G,Q,F,2
F,D,E,S,2
N,R,V,D,2
P,G,A,I,2
K,G,D,A,2
P,E,A,L,2
Q,N,T,R,2
E,G,Q,V,2
V,G,D,I,2
P,G,E,A,2
P,G,D,V,2
P,G,A,C,2
S,G,I,G,2
G,G,D,F,2
P,G,A,N,2
A,G,S,Y,2
V,S,M,L,2
L,G,T,A,2
P,G,A,N,2
P,G,E,N,2
G,G,T,Q,2
A,G,R,C,2
P,G,M,I,2
K,G,E,N,2
K,G,E,A,2
T,G,Y,A,2
Q,G,S,I,2
A,G,D,I,2
S,E,T,K,2
Q,G,K,F,2
A,W,K,G,2
K,G,S,I,2
K,D,S,D,2
G,G,A,N,2
S,G,E,N,2
A,G,Q,A,2
K,G,D,A,2
K,G,Q,V,2
P,G,D,T,2
K,G,K,N,2
K,G,D,L,2
A,G,K,F,2
A,G,L,V,2
K,G,D,V,2
P,G,D,V,2
I,G,K,I,2
V,G,D,I,2
V,G,K,I,2
G,G,D,E,2
D,R,K,V,2
A,G,T,V,2
G,G,T,A,2
I,T,D,V,2
S,G,D,A,2
V,G,D,F,2
D,G,D,L,2
S,G,S,H,2
P,G,D,V,2
S,G,S,L,2
N,G,G,I,2
A,T,E,M,2
V,G,A,G,2
P,G,M,L,2
I,D,V,M,2
E,G,E,L,2
V,G,D,I,2
P,G,E,A,2
V,G,Q,V,2
V,G,D,A,2
T,G,G,A,2
R,G,F,Y,2
E,G,S,V,2
P,G,D,F,2
A,G,T,I,2
S,G,G,V,2
A,G,M,R,2
A,M,T,L,2
P,G,D,A,2
V,Y,G,L,2
D,G,E,I,2
V,G,R,W,2
E,G,G,K,2
E,G,D,V,2
P,G,D,N,2
V,G,Q,L,2
Q,D,S,G,2
V,G,G,V,2
T,G,D,T,2
V,G,D,L,2
E,G,S,I,2
A,G,K,G,2
P,G,D,V,2
E,G,S,F,2
T,G,S,V,2
I,G,R,I,2
I,N,T,V,2
E,N,D,A,2
V,G,E,F,2
S,E,E,M,2
A,G,E,A,2
T,G,T,N,2
D,K,V,Y,2
H,L,S,C,2
G,G,I,V,2
V,N,A,F,2
V,G,A,I,2
S,G,G,M,2
L,D,R,V,2
L,N,T,I,2
N,G,V,Y,2
I,G,R,I,2
D,G,V,E,2
E,G,K,H,2
D,G,E,A,2
V,G,K,V,2
T,G,D,R,2
I,N,V,T,2
S,S,C,K,2
K,G,M,V,2
I,G,D,V,2
I,G,K,L,2
Y,K,Q,Y,2
A,G,E,I,2
P,G,L,N,2
D,G,S,G,2
Q,E,S,V,2
I,G,D,V,2
D,G,Y,W,2
A,G,D,L,2
K,G,S,I,2
P,G,I,C,2
C,C,A,S,2
N,G,Q,V,2
P,G,T,A,2
P,G,T,V,2
I,N,V,V,2
Q,F,K,D,2
L,G,N,F,2
E,G,Y,D,1
S,G,Q,S,1
D,G,R,T,1
D,G,D,T,1
E,G,H,S,1
D,G,R,T,1
L,D,N,D,1
D,W,L,S,1
D,G,Y,D,1
D,G,F,L,1
Q,N,L,D,1
A,G,E,D,1
W,G,N,D,1
L,N,I,N,1
D,N,T,C,1
C,M,R,C,1
C,G,R,C,1
D,G,S,A,1
N,G,A,L,1
N,G,N,D,1
N,G,V,D,1
N,G,E,N,1
N,G,K,D,1
V,N,C,D,1
S,G,E,C,1
D,C,Q,T,1
K,R,G,D,1
R,K,M,Y,1
D,L,V,N,1
R,Q,T,T,1
N,Q,N,T,1
N,G,H,D,1
N,N,W,L,1
D,G,T,N,1
N,G,K,D,1
N,K,V,T,1
E,K,R,S,1
G,G,Q,C,1
A,A,K,Q,1
E,G,N,D,1
D,G,T,D,1
L,G,A,T,1
E,R,M,N,1
K,G,D,G,1
D,G,T,R,1
F,N,L,L,1
D,G,Q,D,1
D,C,N,Q,1
D,G,V,Q,1
E,N,V,T,1
D,R,N,Q,1
K,N,R,T,1
D,G,Y,D,1
D,G,N,G,1
D,G,G,T,1
D,G,K,D,1
T,D,R,D,1
Y,G,R,D,1
T,G,V,D,1
K,G,E,S,1
D,G,R,H,1
A,N,R,G,1
D,G,R,K,1
N,N,Y,E,1
T,G,Q,K,1
D,G,T,A,1
T,K,V,D,1
D,G,G,G,1
D,Y,K,D,1
D,D,W,R,1
A,G,L,N,1
N,G,Q,E,1
D,G,D,F,1
G,K,R,D,1
R,G,R,D,1
C,S,Q,Y,1
T,L,N,N,1
T,G,E,D,1
T,G,A,D,1
N,G,C,D,1
D,G,S,Y,1
D,R,T,N,1
V,Q,S,N,1
S,S,A,Q,1
D,G,V,K,1
S,R,K,D,1
K,G,Y,N,1
K,Q,L,S,1
S,G,S,D,1
S,G,T,T,1
Q,G,S,T,1
Y,G,E,D,1
D,G,R,R,1
Q,G,F,N,1
D,N,Q,G,1
T,G,K,E,1
S,G,S,N,1
T,D,T,N,1
D,G,S,N,1
N,G,K,T,1
D,G,S,K,1
L,L,R,S,1
N,G,Q,L,1
N,G,D,V,1
S,G,T,D,1
S,S,A,D,1
E,G,T,N,1
E,G,N,D,1
D,G,H,S,1
H,G,Q,D,1
C,G,Q,C,1
S,C,Q,D,1
S,N,K,N,1
T,G,E,S,1
T,Q,D,D,1
N,G,N,D,1
T,G,T,N,1
T,G,S,T,1
S,G,K,N,1
K,G,E,N,1
N,S,A,L,1
R,C,E,N,1
D,G,K,L,1
N,G,K,D,1
A,G,E,N,1
K,G,E,N,1
N,C,E,N,1
T,L,D,D,1
D,E,T,N,1
N,G,S,A,1
D,G,D,D,1
A,N,K,D,1
K,Q,I,I,1
S,G,S,G,1
N,N,N,D,1
S,G,R,E,1
T,G,I,D,1
N,G,Q,D,1
D,G,R,M,1
S,K,T,S,1
D,G,S,L,1
Q,D,T,V,1
D,G,R,L,1
N,G,N,N,1
A,G,V,N,1
N,N,R,L,1
N,Q,V,D,1
T,A,K,D,1
Q,G,N,D,1
T,G,Q,N,1
T,G,D,R,1
Q,G,K,S,1
F,G,S,G,1
T,G,E,N,1
T,H,E,T,1
D,G,E,F,1
D,D,R,T,1
Q,G,N,N,1
H,G,A,D,1
D,G,T,G,1
D,D,Q,E,1
D,G,K,S,1
S,G,K,D,1
E,G,H,D,1
D,G,T,W,1
S,G,N,D,1
N,S,I,D,1
K,D,E,N,1
D,G,R,S,1
S,G,R,D,1
T,G,N,A,1
A,G,H,D,1
E,N,W,D,1
N,G,K,A,1
D,C,T,D,1
K,G,E,D,1
N,G,K,Q,1
D,G,V,D,1
D,V,K,N,1
M,G,I,D,1
T,R,G,D,1
A,D,E,N,1
N,V,Y,D,1
Q,N,Q,N,1
S,G,K,Y,1
N,G,S,G,1
T,G,K,T,1
K,G,Q,D,1
A,G,N,D,1
N,G,S,S,1
Q,M,S,T,1
D,G,S,N,1
D,G,S,K,1
E,G,E,D,1
T,G,E,N,1
D,G,S,A,1
T,G,V,D,1
D,D,K,R,1
D,G,T,T,1
E,K,S,N,1
D,G,Q,T,1
S,G,F,T,1
T,K,E,D,1
N,L,K,D,1
N,G,V,D,1
M,K,F,F,1
D,G,Y,D,1
K,G,T,D,1
G,G,V,S,1
E,G,K,N,1
K,A,E,D,1
K,K,Q,N,1
T,Y,E,D,1
D,G,K,G,1
T,L,E,D,1
E,Q,E,T,1
T,G,K,V,1
E,G,K,D,1
T,L,E,D,1
T,K,F,N,1
D,G,R,T,1
S,G,N,S,1
A,G,Q,T,1
N,G,N,Q,1
N,G,D,D,1
D,G,R,T,1
E,G,E,N,1
A,Q,M,N,1
T,G,E,N,1
Q,Q,I,D,1
A,G,A,S,1
C,G,Y,C,1
C,G,A,C,1
D,G,F,T,1
L,G,C,C,1
H,G,S,C,1
S,G,R,D,1
S,R,D,N,1
D,T,T,N,1
D,G,K,S,1
Y,G,R,D,1
D,G,A,G,1
R,N,E,D,1
N,G,S,L,1
N,G,S,N,1
N,F,N,D,1
D,G,I,G,1
S,G,S,D,1
N,G,D,D,1
G,G,E,S,1
N,G,Y,D,1
N,G,Y,H,1
V,G,T,S,1
R,G,S,D,1
D,D,T,A,1
S,G,E,S,1
D,N,Q,T,1
N,G,E,K,1
Y,G,E,N,1
T,G,E,Q,1
N,G,L,D,1
S,G,K,E,1
T,G,K,E,1
D,G,S,Q,1
K,G,R,D,1
N,G,E,D,1
C,S,K,C,1
C,G,G,C,1
R,K,L,D,1
E,G,W,N,1
N,G,A,D,1
D,G,T,H,1
D,G,S,R,1
D,K,S,R,1
T,K,K,R,1
L,H,R,T,1
D,G,S,R,1
S,G,K,F,1
S,G,K,F,1
C,G,A,C,1
C,G,G,C,1
D,G,K,T,1
Y,N,I,L,1
E,G,R,S,1
D,N,T,D,1
A,N,N,N,1
S,G,Y,S,1
K,N,Q,N,1
N,F,Q,N,1
L,D,G,D,1
T,K,T,D,1
T,K,S,D,1
A,G,K,D,1
S,G,E,S,1
N,G,L,V,1
S,G,H,N,1
S,G,L,T,1
D,K,K,T,1
K,G,N,D,1
K,K,K,D,1
D,G,C,K,1
Y,Q,E,A,1
D,G,T,M,1
T,E,T,H,1
T,E,D,D,1
A,Q,Q,T,1
K,G,H,D,1
F,Q,N,D,1
D,G,S,G,1
C,G,I,L,1
A,G,Q,D,1
D,G,N,D,1
K,G,N,D,1
K,G,T,T,1
D,G,K,L,1
S,G,E,N,1
T,G,T,T,1
T,R,Q,S,1
G,G,T,S,1
K,G,K,N,1
Y,G,Y,S,1
Y,G,H,S,1
W,G,F,S,1
W,G,S,S,1
A,L,D,V,0
L,L,K,K,0
V,N,E,S,0
H,F,C,I,0
A,H,G,L,0
L,M,G,L,0
H,L,A,A,0
A,H,G,F,0
L,V,G,I,0
V,V,A,V,0
C,N,S,Y,0
V,D,S,K,0
I,R,S,Y,0
V,H,S,Y,0
V,L,E,R,0
V,G,S,Y,0
V,F,A,V,0
F,V,E,V,0
L,V,G,I,0
E,F,G,L,0
M,Y,K,L,0
F,C,G,I,0
L,A,C,Y,0
V,L,G,I,0
I,D,V,V,0
L,I,G,A,0
E,V,L,K,0
P,S,E,H,0
I,E,E,F,0
P,I,W,L,0
T,V,W,V,0
L,L,A,Q,0
T,L,I,L,0
I,M,E,F,0
P,L,V,V,0
L,I,H,W,0
P,T,S,T,0
H,H,F,L,0
V,L,S,L,0
P,V,A,V,0
V,N,A,T,0
P,I,F,I,0
I,H,G,V,0
L,V,Q,R,0
I,I,R,E,0
P,L,L,L,0
I,V,K,T,0
K,K,G,Y,0
H,F,C,L,0
L,Q,G,V,0
E,I,F,I,0
I,Q,K,Y,0
A,S,Q,T,0
A,Q,Q,S,0
L,S,L,V,0
L,T,L,G,0
A,V,G,L,0
V,R,S,N,0
K,V,A,W,0
H,L,R,L,0
L,V,A,W,0
L,H,A,I,0
V,V,L,V,0
T,V,F,I,0
D,L,L,I,0
P,L,K,I,0
A,L,K,V,0
W,Y,S,L,0
T,I,A,I,0
I,I,G,V,0
V,M,E,K,0
V,V,V,V,0
Y,K,L,A,0
L,E,Q,I,0
V,K,V,K,0
T,L,Y,A,0
R,I,A,L,0
C,S,S,D,0
I,N,S,E,0
S,L,F,A,0
L,K,H,L,0
A,L,R,I,0
V,L,G,K,0
K,F,D,G,0
L,L,K,V,0
A,R,A,V,0
V,V,S,R,0
V,K,C,A,0
V,V,K,M,0
G,Q,Y,A,0
Y,A,G,V,0
P,I,G,L,0
P,V,A,V,0
A,R,Y,S,0
I,A,E,L,0
Q,A,G,W,0
A,V,G,L,0
A,F,A,A,0
E,T,L,S,0
P,M,A,I,0
V,I,E,G,0
R,V,L,M,0
I,M,L,Y,0
V,K,S,I,0
I,H,F,L,0
I,H,Q,N,0
L,K,S,S,0
P,V,Y,Y,0
Y,T,R,T,0
V,L,S,I,0
I,V,F,F,0
S,S,Y,V,0
V,K,M,H,0
L,T,K,K,0
V,V,G,L,0
R,L,A,V,0
V,Q,G,I,0
A,K,R,I,0
I,K,G,I,0
L,L,R,D,0
I,M,G,A,0
A,D,T,Y,0
L,V,W,A,0
P,T,H,F,0
S,K,K,I,0
A,V,V,K,0
V,I,A,I,0
P,V,H,T,0
F,V,G,C,0
P,I,A,S,0
I,T,G,Y,0
L,R,S,T,0
V,D,A,R,0
I,R,A,F,0
E,I,G,V,0
N,T,F,I,0
Y,A,E,Q,0
Y,I,S,E,0
R,A,G,I,0
I,S,D,L,0
E,N,A,V,0
I,V,K,H,0
S,T,Y,F,0
V,K,G,L,0
V,H,H,Q,0
I,K,T,L,0
T,V,A,M,0
A,Y,W,E,0
P,K,K,I,0
L,V,A,V,0
I,L,D,L,0
L,K,H,V,0
A,N,W,N,0
P,S,A,L,0
V,V,G,A,0
A,Q,G,W,0
F,T,E,Y,0
V,R,G,L,0
V,W,H,I,0
G,D,T,G,0
I,R,K,H,0
M,L,L,C,0
V,R,R,E,0
I,Q,K,C,0
P,V,K,M,0
L,I,G,F,0
K,I,G,I,0
E,V,G,L,0
K,I,G,F,0
L,I,G,F,0
F,R,F,V,0
P,F,A,V,0
D,S,G,L,0
T,L,A,L,0
M,V,N,D,0
L,R,F,Y,0
S,L,F,Y,0
I,V,A,D,0
L,M,K,L,0
V,K,D,E,0
V,D,S,L,0
I,V,G,E,0
I,Q,N,V,0
K,Y,V,I,0
I,D,R,F,0
L,K,H,W,0
Y,D,W,S,0
P,L,G,I,0
V,K,E,S,0
I,A,D,D,0
V,I,L,V,0
S,K,C,V,0
L,I,V,V,0
V,T,Q,C,0
W,F,N,A,0
L,T,S,W,0
P,W,Q,V,0
V,N,S,S,0
E,L,L,G,0
N,L,L,V,0
V,A,A,L,0
V,E,S,R,0
F,K,G,W,0
V,V,G,V,0
V,W,A,I,0
I,E,A,I,0
I,L,Q,Q,0
I,A,I,T,0
L,I,D,L,0
V,T,M,R,0
I,R,W,H,0
E,V,A,V,0
R,I,V,I,0
C,Q,N,C,0
C,Q,G,C,0
C,Q,S,C,0
C,Q,S,C,0
V,V,Q,L,0
V,V,Q,L,0
V,V,K,L,0
F,Q,D,I,0
W,V,G,M,0
V,S,S,V,0
V,L,S,L,0
F,F,L,K,0
K,N,G,R,0
L,I,H,F,0
I,S,S,Q,0
A,S,F,F,0
T,I,L,I,0
S,I,I,V,0
P,V,V,V,0
V,K,E,R,0
H,S,S,Y,0
G,E,S,Y,0
P,I,A,E,0
F,S,W,L,0
C,V,E,T,0
T,L,L,Y,0
I,A,N,A,0
I,I,E,V,0
G,K,A,R,0
A,M,A,V,0
L,Q,D,R,0
I,I,D,V,0
C,R,L,D,0
V,K,A,L,0
L,H,G,Q,0
G,T,T,S,0
T,Y,A,Q,0
I,K,A,S,0
I,K,E,V,0
V,K,T,T,0
T,N,T,N,0
C,A,A,L,0
L,V,H,T,0
T,L,C,I,0
V,K,A,V,0
I,K,K,T,0
I,L,A,I,0
M,V,W,V,0
I,I,Y,G,0
Y,R,R,T,0
R,Q,E,V,0
V,I,H,V,0
L,S,F,V,0
S,L,I,V,0
V,V,E,V,0
I,L,S,Q,0
T,V,G,I,0
V,A,Q,V,0
V,I,L,L,0
I,T,C,V,0
A,S,K,K,0
V,S,W,V,0
G,E,M,L,0
L,D,S,G,0
V,D,S,S,0
N,Y,G,L,0
A,E,K,H,0
V,K,W,F,0
V,S,K,Y,0
V,I,L,L,0
P,H,A,T,0
L,L,G,S,0
Y,R,D,L,0
F,T,G,E,0
G,A,G,A,0
V,K,K,E,0
L,K,A,E,0
E,Q,Y,K,0
V,V,G,I,0
L,V,S,V,0
S,A,Q,V,0
S,M,V,L,0
A,D,R,I,0
V,S,Y,S,0
F,N,R,I,0
L,K,H,V,0
L,S,A,T,0
V,T,D,V,0
V,E,S,K,0
V,M,Y,L,0
A,I,G,A,0
G,V,K,V,0
I,R,E,K,0
V,T,K,T,0
T,I,S,R,0
V,V,A,L,0
V,R,Y,V,0
C,L,L,V,0
I,D,C,T,0
K,E,D,I,0
K,A,D,K,0
R,Y,W,Q,0
V,N,G,F,0
I,T,R,S,0
I,S,K,M,0
V,G,K,N,0
G,T,N,V,0
T,V,V,A,0
K,V,E,K,0
K,I,G,V,0
L,L,D,V,0
I,L,T,A,0
L,V,D,T,0
L,S,A,F,0
V,D,A,I,0
V,D,A,M,0
V,D,G,I,0
L,K,Q,V,0
A,E,K,H,0
A,L,D,T,0
L,K,N,V,0
C,K,W,F,0
I,I,F,A,0
V,N,G,D,0
F,T,E,A,0
K,L,Y,T,0
A,G,L,G,0
P,V,S,L,0
P,V,N,V,0
F,N,S,Q,0
F,N,K,Y,0
C,D,H,Q,0
G,D,Y,F,0
F,E,H,S,0
Y,D,M,S,0
I,L,S,T,0
L,V,G,V,0
I,N,Q,S,0
L,T,G,T,0
I,V,G,Y,0
Q,I,G,R,0
L,V,T,I,0
V,K,T,V,0
P,V,I,S,0
T,E,K,K,0
A,V,K,I,0
A,T,N,T,0
I,L,A,I,0
E,V,S,S,0
M,V,K,L,0
I,A,Y,V,0
V,L,S,H,0
L,I,Q,F,0
F,V,K,F,0
G,I,E,L,0
I,L,L,V,0
V,H,I,I,0
G,S,E,W,0
L,H,D,A,0
L,S,G,I,0
V,G,F,V,0
F,A,A,W,0
I,T,A,Q,0
M,S,G,L,0
H,A,F,Y,0
V,D,K,E,0
I,D,K,D,0
V,L,F,I,0
I,V,K,I,0
I,N,S,E,0
V,I,G,T,0
S,V,F,I,0
Q,I,A,T,0
L,I,K,K,0
A,I,D,T,0
L,T,K,C,0
A,E,K,V,0
I,L,F,I,0
I,D,G,R,0
L,V,A,V,0
F,K,F,V,0
F,Q,F,V,0
F,K,F,V,0
F,K,F,V,0
L,L,N,K,0
V,C,A,L,0
M,A,A,K,0
K,I,G,I,0
C,A,Y,G,0
L,I,F,F,0
C,S,H,I,0
V,T,E,D,0
F,D,W,S,0
A,D,A,H,0
F,D,G,D,0
A,R,E,D,0
V,I,K,V,0
V,V,R,A,0
T,D,Y,G,0
A,G,V,N,0
Y,K,G,I,0
L,L,L,I,0
L,Q,N,V,0
I,D,T,V,0
I,V,G,I,0
T,I,R,Y,0
S,I,F,T,0
Y,E,N,T,0
S,L,R,E,0
L,I,Q,V,0
Y,A,A,L,0
Q,I,G,I,0
Q,T,G,Q,0
A,V,N,F,0
I,Q,S,T,0
V,V,E,V,0
L,F,E,I,0
V,S,A,E,0
P,V,G,V,0
V,V,E,V,0
G,S,Y,E,0
I,H,E,L,0
M,V,A,A,0
V,K,E,S,0
L,T,A,F,0
T,V,N,Q,0
S,I,D,I,0
Y,E,T,T,0
V,V,F,I,0
I,S,A,V,0
K,V,S,E,0
M,A,S,T,0
I,I,A,Y,0